Workbook

Sheet cleaned_dataframe
A1: age_best | B1: depth | C1: Volume | D1: Pinus 1/3 | E1: Picea 1/3 | F1: eucalyptus | G1: eucalyptus concentration | H1: Pinus indiff. | I1: Picea sp. | J1: Pinus indiff. total | K1: Picea spp. total | L1: Betula spp. | M1: Pinus strobus | N1: Pinus cf. banksiana | O1: Abies balsamea | P1: Acer rubrum | Q1: Acer saccharum | R1: Quercus spp. | S1: Populus cf. tremuloides | T1: Alnus rugosa | U1: Alnus crispa | V1: Tsuga | W1: Larix laricina | X1: Fagus grandifolia | Y1: Juniperus/Thuja | Z1: Ulmus | AA1: Fraxinus type pennsylanica | AB1: Fraxinus nigra | AC1: Platanus occidentalis | AD1: Corylus | AE1: Juglans | AF1: Carya ovata | AG1: Tilia americana | AH1: Ostrya | AI1: Myrica gale | AJ1: Ericaceae | AK1: Salix type | AL1: Poaceae | AM1: Artemesia | AN1: Aster | AO1: Thalictrum | AP1: Chenopodiaceae | AQ1: Ambrosia | AR1: Rosaceae | AS1: Epilobium | AT1: Ilex | AU1: Rumex | AV1: Agoseris | AW1: Morus rubra | AX1: Caryophyllaceae | AY1: Menyanthaceae | AZ1: Sarcobatus vermiculatus | BA1: Castanea dentata | BB1: Viburnum | BC1: Polygonum | BD1: Saxifraga | BE1: Total terrestre | BF1: Inconnu | BG1: Menyanthes trifoliata | BH1: Nuphar | BI1: Cyperaceae | BJ1: Potamogeton | BK1: Typha l. | BL1: Phytolithe | BM1: Spore trilete | BN1: Spore monolete | BO1: Lycopode
A2: -72 | B2: 530 | C2: 1 | D2: 43 | E2: 34 | F2: 70 | G2: 11000 | H2: 12 | I2: 122 | J2: 26 | K2: 133 | L2: 76 | M2: 33 | N2: 68 | O2: 11 | P2: 0 | Q2: 1 | R2: 2 | S2: 6 | T2: 4 | U2: 0 | V2: 1 | W2: 3 | X2: 0 | Y2: 0 | Z2: 1 | AA2: 0 | AB2: 0 | AC2: 0 | AD2: 0 | AE2: 0 | AF2: 0 | AG2: 0 | AH2: 0 | AI2: 0 | AJ2: 1 | AK2: 1 | AL2: 0 | AM2: 1 | AN2: 0 | AO2: 0 | AP2: 0 | AQ2: 2 | AR2: 0 | AS2: 0 | AT2: 1 | AU2: 0 | AV2: 0 | AW2: 0 | AX2: 0 | AY2: 0 | AZ2: 0 | BA2: 0 | BB2: 0 | BC2: 0 | BD2: 0 | BE2: =SUM(J2:BD2) -> 371 | BF2: 0 | BG2: 0 | BH2: 0 | BI2: 3 | BJ2: 0 | BK2: 0 | BL2: 0 | BM2: 1 | BN2: 0 | BO2: 3
A3: -17 | B3: 533 | C3: 1 | D3: 22 | E3: 21 | F3: 91 | G3: 11000 | H3: 2 | I3: 137 | J3: 9 | K3: 144 | L3: 77 | M3: 29 | N3: 48 | O3: 24 | P3: 0 | Q3: 1 | R3: 5 | S3: 4 | T3: 3 | U3: 0 | V3: 0 | W3: 0 | X3: 0 | Y3: 0 | Z3: 1 | AA3: 1 | AB3: 0 | AC3: 0 | AD3: 0 | AE3: 0 | AF3: 0 | AG3: 0 | AH3: 0 | AI3: 0 | AJ3: 3 | AK3: 0 | AL3: 0 | AM3: 0 | AN3: 1 | AO3: 0 | AP3: 0 | AQ3: 0 | AR3: 1 | AS3: 0 | AT3: 0 | AU3: 0 | AV3: 0 | AW3: 0 | AX3: 0 | AY3: 0 | AZ3: 0 | BA3: 0 | BB3: 0 | BC3: 0 | BD3: 0 | BE3: =SUM(J3:BD3) -> 351 | BF3: 0 | BG3: 0 | BH3: 0 | BI3: 0 | BJ3: 0 | BK3: 0 | BL3: 0 | BM3: 0 | BN3: 0 | BO3: 4
A4: 178 | B4: 541 | C4: 1 | D4: 18 | E4: 17 | F4: 132 | G4: 11000 | H4: 0 | I4: 81 | J4: 6 | K4: 87 | L4: 149 | M4: 16 | N4: 34 | O4: 9 | P4: 0 | Q4: 0 | R4: 7 | S4: 4 | T4: 3 | U4: 1 | V4: 1 | W4: 9 | X4: 1 | Y4: 0 | Z4: 2 | AA4: 0 | AB4: 0 | AC4: 0 | AD4: 0 | AE4: 0 | AF4: 0 | AG4: 0 | AH4: 0 | AI4: 0 | AJ4: 0 | AK4: 1 | AL4: 0 | AM4: 2 | AN4: 0 | AO4: 0 | AP4: 0 | AQ4: 3 | AR4: 0 | AS4: 0 | AT4: 0 | AU4: 0 | AV4: 1 | AW4: 0 | AX4: 0 | AY4: 0 | AZ4: 0 | BA4: 0 | BB4: 0 | BC4: 0 | BD4: 0 | BE4: =SUM(J4:BD4) -> 336 | BF4: 0 | BG4: 0 | BH4: 0 | BI4: 1 | BJ4: 0 | BK4: 0 | BL4: 0 | BM4: 0 | BN4: 0 | BO4: 1
A5: 370 | B5: 549 | C5: 1 | D5: 23 | E5: 17 | F5: 69 | G5: 11000 | H5: 3 | I5: 100 | J5: 11 | K5: 106 | L5: 101 | M5: 36 | N5: 52 | O5: 8 | P5: 0 | Q5: 0 | R5: 2 | S5: 3 | T5: 2 | U5: 2 | V5: 2 | W5: 4 | X5: 0 | Y5: 0 | Z5: 2 | AA5: 1 | AB5: 0 | AC5: 0 | AD5: 0 | AE5: 0 | AF5: 0 | AG5: 0 | AH5: 0 | AI5: 0 | AJ5: 1 | AK5: 1 | AL5: 2 | AM5: 2 | AN5: 1 | AO5: 0 | AP5: 0 | AQ5: 0 | AR5: 1 | AS5: 0 | AT5: 0 | AU5: 0 | AV5: 0 | AW5: 1 | AX5: 0 | AY5: 0 | AZ5: 0 | BA5: 0 | BB5: 0 | BC5: 0 | BD5: 0 | BE5: =SUM(J5:BD5) -> 341 | BF5: 2 | BG5: 0 | BH5: 0 | BI5: 1 | BJ5: 0 | BK5: 0 | BL5: 0 | BM5: 0 | BN5: 0 | BO5: 1
A6: 626 | B6: 557 | C6: 1 | D6: 33 | E6: 29 | F6: 20 | G6: 11000 | H6: 12 | I6: 137 | J6: 23 | K6: 147 | L6: 85 | M6: 20 | N6: 48 | O6: 3 | P6: 0 | Q6: 0 | R6: 8 | S6: 1 | T6: 1 | U6: 1 | V6: 4 | W6: 5 | X6: 0 | Y6: 0 | Z6: 0 | AA6: 0 | AB6: 0 | AC6: 0 | AD6: 2 | AE6: 1 | AF6: 0 | AG6: 0 | AH6: 0 | AI6: 0 | AJ6: 3 | AK6: 0 | AL6: 2 | AM6: 1 | AN6: 1 | AO6: 1 | AP6: 0 | AQ6: 1 | AR6: 0 | AS6: 0 | AT6: 2 | AU6: 0 | AV6: 0 | AW6: 0 | AX6: 0 | AY6: 0 | AZ6: 0 | BA6: 0 | BB6: 0 | BC6: 0 | BD6: 0 | BE6: =SUM(J6:BD6) -> 360 | BF6: 5 | BG6: 0 | BH6: 2 | BI6: 3 | BJ6: 0 | BK6: 0 | BL6: 0 | BM6: 0 | BN6: 0 | BO6: 2
A7: 1041 | B7: 565 | C7: 1 | D7: 58 | E7: 48 | F7: 74 | G7: 11000 | H7: 15 | I7: 106 | J7: 34 | K7: 122 | L7: 86 | M7: 36 | N7: 53 | O7: 12 | P7: 0 | Q7: 1 | R7: 3 | S7: 2 | T7: 5 | U7: 0 | V7: 1 | W7: 13 | X7: 0 | Y7: 1 | Z7: 2 | AA7: 1 | AB7: 0 | AC7: 0 | AD7: 0 | AE7: 0 | AF7: 0 | AG7: 0 | AH7: 0 | AI7: 1 | AJ7: 4 | AK7: 0 | AL7: 2 | AM7: 1 | AN7: 0 | AO7: 0 | AP7: 0 | AQ7: 0 | AR7: 0 | AS7: 0 | AT7: 1 | AU7: 0 | AV7: 0 | AW7: 0 | AX7: 0 | AY7: 0 | AZ7: 0 | BA7: 0 | BB7: 0 | BC7: 0 | BD7: 0 | BE7: =SUM(J7:BD7) -> 381 | BF7: 2 | BG7: 0 | BH7: 0 | BI7: 1 | BJ7: 0 | BK7: 1 | BL7: 0 | BM7: 0 | BN7: 0 | BO7: 1
A8: 1347 | B8: 573 | C8: 1 | D8: 43 | E8: 33 | F8: 43 | G8: 11000 | H8: 6 | I8: 123 | J8: 20 | K8: 134 | L8: 51 | M8: 37 | N8: 84 | O8: 11 | P8: 0 | Q8: 0 | R8: 3 | S8: 1 | T8: 2 | U8: 0 | V8: 3 | W8: 4 | X8: 1 | Y8: 0 | Z8: 1 | AA8: 2 | AB8: 0 | AC8: 0 | AD8: 0 | AE8: 0 | AF8: 0 | AG8: 0 | AH8: 0 | AI8: 0 | AJ8: 2 | AK8: 0 | AL8: 1 | AM8: 0 | AN8: 1 | AO8: 0 | AP8: 0 | AQ8: 0 | AR8: 0 | AS8: 0 | AT8: 0 | AU8: 0 | AV8: 0 | AW8: 0 | AX8: 0 | AY8: 0 | AZ8: 0 | BA8: 0 | BB8: 0 | BC8: 0 | BD8: 0 | BE8: =SUM(J8:BD8) -> 358 | BF8: 1 | BG8: 0 | BH8: 0 | BI8: 2 | BJ8: 0 | BK8: 0 | BL8: 0 | BM8: 0 | BN8: 0 | BO8: 2
A9: 1588 | B9: 581 | C9: 1 | D9: 58 | E9: 26 | F9: 47 | G9: 11000 | H9: 6 | I9: 92 | J9: 25 | K9: 101 | L9: 64 | M9: 54 | N9: 86 | O9: 7 | P9: 1 | Q9: 3 | R9: 2 | S9: 0 | T9: 3 | U9: 0 | V9: 2 | W9: 6 | X9: 0 | Y9: 0 | Z9: 2 | AA9: 1 | AB9: 0 | AC9: 0 | AD9: 0 | AE9: 0 | AF9: 0 | AG9: 0 | AH9: 0 | AI9: 0 | AJ9: 2 | AK9: 0 | AL9: 2 | AM9: 0 | AN9: 1 | AO9: 0 | AP9: 0 | AQ9: 0 | AR9: 0 | AS9: 0 | AT9: 0 | AU9: 0 | AV9: 0 | AW9: 0 | AX9: 0 | AY9: 0 | AZ9: 0 | BA9: 0 | BB9: 0 | BC9: 0 | BD9: 0 | BE9: =SUM(J9:BD9) -> 362 | BF9: 0 | BG9: 0 | BH9: 0 | BI9: 2 | BJ9: 0 | BK9: 0 | BL9: 0 | BM9: 0 | BN9: 0 | BO9: 2
A10: 1794 | B10: 589 | C10: 1 | D10: 51 | E10: 16 | F10: 66 | G10: 11000 | H10: 7 | I10: 86 | J10: 24 | K10: 91 | L10: 97 | M10: 41 | N10: 52 | O10: 4 | P10: 1 | Q10: 2 | R10: 4 | S10: 4 | T10: 5 | U10: 0 | V10: 1 | W10: 4 | X10: 3 | Y10: 0 | Z10: 2 | AA10: 1 | AB10: 0 | AC10: 0 | AD10: 0 | AE10: 0 | AF10: 0 | AG10: 0 | AH10: 0 | AI10: 2 | AJ10: 4 | AK10: 0 | AL10: 1 | AM10: 0 | AN10: 2 | AO10: 0 | AP10: 0 | AQ10: 0 | AR10: 0 | AS10: 0 | AT10: 0 | AU10: 0 | AV10: 0 | AW10: 0 | AX10: 0 | AY10: 0 | AZ10: 0 | BA10: 0 | BB10: 0 | BC10: 0 | BD10: 0 | BE10: =SUM(J10:BD10) -> 345 | BF10: 0 | BG10: 0 | BH10: 1 | BI10: 1 | BJ10: 0 | BK10: 0 | BL10: 0 | BM10: 0 | BN10: 0 | BO10: 2
A11: 1918 | B11: 597 | C11: 1 | D11: 53 | E11: 21 | F11: 60 | G11: 11000 | H11: 10 | I11: 93 | J11: 28 | K11: 100 | L11: 92 | M11: 35 | N11: 50 | O11: 6 | P11: 0 | Q11: 0 | R11: 5 | S11: 5 | T11: 3 | U11: 0 | V11: 1 | W11: 1 | X11: 2 | Y11: 0 | Z11: 1 | AA11: 0 | AB11: 0 | AC11: 0 | AD11: 0 | AE11: 0 | AF11: 0 | AG11: 0 | AH11: 0 | AI11: 0 | AJ11: 2 | AK11: 1 | AL11: 4 | AM11: 0 | AN11: 0 | AO11: 0 | AP11: 2 | AQ11: 0 | AR11: 0 | AS11: 0 | AT11: 0 | AU11: 0 | AV11: 0 | AW11: 0 | AX11: 0 | AY11: 0 | AZ11: 0 | BA11: 0 | BB11: 0 | BC11: 0 | BD11: 0 | BE11: =SUM(J11:BD11) -> 338 | BF11: 3 | BG11: 0 | BH11: 2 | BI11: 0 | BJ11: 0 | BK11: 0 | BL11: 0 | BM11: 1 | BN11: 1 | BO11: 3
A12: 2018 | B12: 605 | C12: 1 | D12: 39 | E12: 22 | F12: 38 | G12: 11000 | H12: 10 | I12: 78 | J12: 23 | K12: 85 | L12: 122 | M12: 37 | N12: 37 | O12: 13 | P12: 0 | Q12: 0 | R12: 2 | S12: 1 | T12: 5 | U12: 2 | V12: 1 | W12: 5 | X12: 1 | Y12: 1 | Z12: 0 | AA12: 1 | AB12: 0 | AC12: 0 | AD12: 0 | AE12: 0 | AF12: 1 | AG12: 1 | AH12: 0 | AI12: 0 | AJ12: 2 | AK12: 0 | AL12: 2 | AM12: 0 | AN12: 0 | AO12: 0 | AP12: 0 | AQ12: 0 | AR12: 0 | AS12: 0 | AT12: 0 | AU12: 0 | AV12: 0 | AW12: 0 | AX12: 0 | AY12: 0 | AZ12: 0 | BA12: 0 | BB12: 0 | BC12: 0 | BD12: 0 | BE12: =SUM(J12:BD12) -> 342 | BF12: 0 | BG12: 0 | BH12: 1 | BI12: 1 | BJ12: 0 | BK12: 0 | BL12: 0 | BM12: 1 | BN12: 0 | BO12: 0
A13: 2123 | B13: 613 | C13: 1 | D13: 41 | E13: 15 | F13: 75 | G13: 11000 | H13: 14 | I13: 92 | J13: 28 | K13: 97 | L13: 132 | M13: 41 | N13: 34 | O13: 5 | P13: 0 | Q13: 0 | R13: 1 | S13: 4 | T13: 4 | U13: 0 | V13: 0 | W13: 5 | X13: 0 | Y13: 0 | Z13: 0 | AA13: 1 | AB13: 0 | AC13: 1 | AD13: 0 | AE13: 0 | AF13: 0 | AG13: 0 | AH13: 1 | AI13: 0 | AJ13: 0 | AK13: 0 | AL13: 0 | AM13: 1 | AN13: 0 | AO13: 0 | AP13: 0 | AQ13: 0 | AR13: 0 | AS13: 0 | AT13: 0 | AU13: 0 | AV13: 0 | AW13: 0 | AX13: 0 | AY13: 0 | AZ13: 0 | BA13: 0 | BB13: 0 | BC13: 0 | BD13: 0 | BE13: =SUM(J13:BD13) -> 355 | BF13: 1 | BG13: 0 | BH13: 0 | BI13: 1 | BJ13: 0 | BK13: 0 | BL13: 0 | BM13: 0 | BN13: 0 | BO13: 3
... A50: 10216 | B50: 909 | C50: 1 | D50: 8 | E50: 1 | F50: 713 | G50: 22000 | H50: 0 | I50: 7 | J50: 3 | K50: 7 | L50: 61 | M50: 2 | N50: 84 | O50: 0 | P50: 0 | Q50: 3 | R50: 50 | S50: 3 | T50: 2 | U50: 1 | V50: 0 | W50: 0 | X50: 0 | Y50: 0 | Z50: 3 | AA50: 0 | AB50: 0 | AC50: 0 | AD50: 1 | AE50: 1 | AF50: 3 | AG50: 0 | AH50: 1 | AI50: 0 | AJ50: 0 | AK50: 2 | AL50: 10 | AM50: 5 | AN50: 3 | AO50: 0 | AP50: 4 | AQ50: 9 | AR50: 0 | AS50: 3 | AT50: 0 | AU50: 0 | AV50: 0 | AW50: 0 | AX50: 4 | AY50: 8 | AZ50: 0 | BA50: 0 | BB50: 0 | BC50: 0 | BD50: 0 | BE50: =SUM(J50:BD50) -> 273 | BF50: 0 | BG50: 0 | BH50: 0 | BI50: 4 | BJ50: 1 | BK50: 1 | BL50: 0 | BM50: 3 | BN50: 0 | BO50: 5

Sheet Concentration
A1: age_best | B1: Pinus indiff. total | C1: Picea spp. total | D1: Betula spp. | E1: Pinus strobus | F1: Pinus cf. banksiana | G1: Abies balsamea | H1: Acer rubrum | I1: Acer saccharum | J1: Quercus spp. | K1: Populus cf. tremuloides | L1: Alnus rugosa | M1: Alnus crispa | N1: Tsuga | O1: Larix laricina | P1: Fagus grandifolia | Q1: Juniperus/Thuja | R1: Ulmus | S1: Fraxinus type pennsylanica | T1: Fraxinus nigra | U1: Platanus occidentalis | V1: Corylus | W1: Juglans | X1: Carya ovata | Y1: Tilia americana | Z1: Ostrya | AA1: Myrica gale | AB1: Ericaceae | AC1: Salix type | AD1: Poaceae | AE1: Artemesia | AF1: Aster | AG1: Thalictrum | AH1: Chenopodiaceae | AI1: Ambrosia | AJ1: Rosaceae | AK1: Epilobium | AL1: Ilex | AM1: Rumex | AN1: Agoseris | AO1: Morus rubra | AP1: Caryophyllaceae | AQ1: Menyanthaceae | AR1: Sarcobatus vermiculatus | AS1: Castanea dentata | AT1: Viburnum | AU1: Polygonum | AV1: Saxifraga | AW1: Total terrestre | AX1: Inconnu | AY1: Menyanthes trifoliata | AZ1: Nuphar | BA1: Cyperaceae | BB1: Potamogeton | BC1: Typha l. | BD1: Phytolithe | BE1: Spore trilete | BF1: Spore monolete | BG1: Lycopode
A2: -72 | B2: =(cleaned_dataframe!J2*cleaned_dataframe!$G2)/cleaned_dataframe!$F2 -> 4085.7143 | C2: =(cleaned_dataframe!K2*cleaned_dataframe!$G2)/cleaned_dataframe!$F2 -> 20900 | D2: =(cleaned_dataframe!L2*cleaned_dataframe!$G2)/cleaned_dataframe!$F2 -> 11942.857 | E2: =(cleaned_dataframe!M2*cleaned_dataframe!$G2)/cleaned_dataframe!$F2 -> 5185.7143 | F2: =(cleaned_dataframe!N2*cleaned_dataframe!$G2)/cleaned_dataframe!$F2 -> 10685.714 | G2: =(cleaned_dataframe!O2*cleaned_dataframe!$G2)/cleaned_dataframe!$F2 -> 1728.5714 | H2: =(cleaned_dataframe!P2*cleaned_dataframe!$G2)/cleaned_dataframe!$F2 -> 0 | I2: =(cleaned_dataframe!Q2*cleaned_dataframe!$G2)/cleaned_dataframe!$F2 -> 157.14286 | ... BG2: =(cleaned_dataframe!BO2*cleaned_dataframe!$G2)/cleaned_dataframe!$F2 -> 471.42857
A3: -17 | B3: =(cleaned_dataframe!J3*cleaned_dataframe!$G3)/cleaned_dataframe!$F3 -> 1087.9121 | C3: =(cleaned_dataframe!K3*cleaned_dataframe!$G3)/cleaned_dataframe!$F3 -> 17406.593 | D3: =(cleaned_dataframe!L3*cleaned_dataframe!$G3)/cleaned_dataframe!$F3 -> 9307.6923 | E3: =(cleaned_dataframe!M3*cleaned_dataframe!$G3)/cleaned_dataframe!$F3 -> 3505.4945 | F3: =(cleaned_dataframe!N3*cleaned_dataframe!$G3)/cleaned_dataframe!$F3 -> 5802.1978 | G3: =(cleaned_dataframe!O3*cleaned_dataframe!$G3)/cleaned_dataframe!$F3 -> 2901.0989 | H3: =(cleaned_dataframe!P3*cleaned_dataframe!$G3)/cleaned_dataframe!$F3 -> 0 | I3: =(cleaned_dataframe!Q3*cleaned_dataframe!$G3)/cleaned_dataframe!$F3 -> 120.87912 | ... BG3: =(cleaned_dataframe!BO3*cleaned_dataframe!$G3)/cleaned_dataframe!$F3 -> 483.51648
A4: 178 | B4: =(cleaned_dataframe!J4*cleaned_dataframe!$G4)/cleaned_dataframe!$F4 -> 500 | C4: =(cleaned_dataframe!K4*cleaned_dataframe!$G4)/cleaned_dataframe!$F4 -> 7250 | D4: =(cleaned_dataframe!L4*cleaned_dataframe!$G4)/cleaned_dataframe!$F4 -> 12416.667 | E4: =(cleaned_dataframe!M4*cleaned_dataframe!$G4)/cleaned_dataframe!$F4 -> 1333.3333 | F4: =(cleaned_dataframe!N4*cleaned_dataframe!$G4)/cleaned_dataframe!$F4 -> 2833.3333 | G4: =(cleaned_dataframe!O4*cleaned_dataframe!$G4)/cleaned_dataframe!$F4 -> 750 | H4: =(cleaned_dataframe!P4*cleaned_dataframe!$G4)/cleaned_dataframe!$F4 -> 0 | I4: =(cleaned_dataframe!Q4*cleaned_dataframe!$G4)/cleaned_dataframe!$F4 -> 0 | ... BG4: =(cleaned_dataframe!BO4*cleaned_dataframe!$G4)/cleaned_dataframe!$F4 -> 83.333333
A5: 370 | B5: =(cleaned_dataframe!J5*cleaned_dataframe!$G5)/cleaned_dataframe!$F5 -> 1753.6232 | C5: =(cleaned_dataframe!K5*cleaned_dataframe!$G5)/cleaned_dataframe!$F5 -> 16898.551 | D5: =(cleaned_dataframe!L5*cleaned_dataframe!$G5)/cleaned_dataframe!$F5 -> 16101.449 | E5: =(cleaned_dataframe!M5*cleaned_dataframe!$G5)/cleaned_dataframe!$F5 -> 5739.1304 | F5: =(cleaned_dataframe!N5*cleaned_dataframe!$G5)/cleaned_dataframe!$F5 -> 8289.8551 | G5: =(cleaned_dataframe!O5*cleaned_dataframe!$G5)/cleaned_dataframe!$F5 -> 1275.3623 | H5: =(cleaned_dataframe!P5*cleaned_dataframe!$G5)/cleaned_dataframe!$F5 -> 0 | I5: =(cleaned_dataframe!Q5*cleaned_dataframe!$G5)/cleaned_dataframe!$F5 -> 0 | ... BG5: =(cleaned_dataframe!BO5*cleaned_dataframe!$G5)/cleaned_dataframe!$F5 -> 159.42029
A6: 626 | B6: =(cleaned_dataframe!J6*cleaned_dataframe!$G6)/cleaned_dataframe!$F6 -> 12650 | C6: =(cleaned_dataframe!K6*cleaned_dataframe!$G6)/cleaned_dataframe!$F6 -> 80850 | D6: =(cleaned_dataframe!L6*cleaned_dataframe!$G6)/cleaned_dataframe!$F6 -> 46750 | E6: =(cleaned_dataframe!M6*cleaned_dataframe!$G6)/cleaned_dataframe!$F6 -> 11000 | F6: =(cleaned_dataframe!N6*cleaned_dataframe!$G6)/cleaned_dataframe!$F6 -> 26400 | G6: =(cleaned_dataframe!O6*cleaned_dataframe!$G6)/cleaned_dataframe!$F6 -> 1650 | H6: =(cleaned_dataframe!P6*cleaned_dataframe!$G6)/cleaned_dataframe!$F6 -> 0 | I6: =(cleaned_dataframe!Q6*cleaned_dataframe!$G6)/cleaned_dataframe!$F6 -> 0 | ... BG6: =(cleaned_dataframe!BO6*cleaned_dataframe!$G6)/cleaned_dataframe!$F6 -> 1100
A7: 1041 | B7: =(cleaned_dataframe!J7*cleaned_dataframe!$G7)/cleaned_dataframe!$F7 -> 5054.0541 | C7: =(cleaned_dataframe!K7*cleaned_dataframe!$G7)/cleaned_dataframe!$F7 -> 18135.135 | D7: =(cleaned_dataframe!L7*cleaned_dataframe!$G7)/cleaned_dataframe!$F7 -> 12783.784 | E7: =(cleaned_dataframe!M7*cleaned_dataframe!$G7)/cleaned_dataframe!$F7 -> 5351.3514 | F7: =(cleaned_dataframe!N7*cleaned_dataframe!$G7)/cleaned_dataframe!$F7 -> 7878.3784 | G7: =(cleaned_dataframe!O7*cleaned_dataframe!$G7)/cleaned_dataframe!$F7 -> 1783.7838 | H7: =(cleaned_dataframe!P7*cleaned_dataframe!$G7)/cleaned_dataframe!$F7 -> 0 | I7: =(cleaned_dataframe!Q7*cleaned_dataframe!$G7)/cleaned_dataframe!$F7 -> 148.64865 | ... BG7: =(cleaned_dataframe!BO7*cleaned_dataframe!$G7)/cleaned_dataframe!$F7 -> 148.64865
A8: 1347 | B8: =(cleaned_dataframe!J8*cleaned_dataframe!$G8)/cleaned_dataframe!$F8 -> 5116.2791 | C8: =(cleaned_dataframe!K8*cleaned_dataframe!$G8)/cleaned_dataframe!$F8 -> 34279.07 | D8: =(cleaned_dataframe!L8*cleaned_dataframe!$G8)/cleaned_dataframe!$F8 -> 13046.512 | E8: =(cleaned_dataframe!M8*cleaned_dataframe!$G8)/cleaned_dataframe!$F8 -> 9465.1163 | F8: =(cleaned_dataframe!N8*cleaned_dataframe!$G8)/cleaned_dataframe!$F8 -> 21488.372 | G8: =(cleaned_dataframe!O8*cleaned_dataframe!$G8)/cleaned_dataframe!$F8 -> 2813.9535 | H8: =(cleaned_dataframe!P8*cleaned_dataframe!$G8)/cleaned_dataframe!$F8 -> 0 | I8: =(cleaned_dataframe!Q8*cleaned_dataframe!$G8)/cleaned_dataframe!$F8 -> 0 | ... BG8: =(cleaned_dataframe!BO8*cleaned_dataframe!$G8)/cleaned_dataframe!$F8 -> 511.62791
A9: 1588 | B9: =(cleaned_dataframe!J9*cleaned_dataframe!$G9)/cleaned_dataframe!$F9 -> 5851.0638 | C9: =(cleaned_dataframe!K9*cleaned_dataframe!$G9)/cleaned_dataframe!$F9 -> 23638.298 | D9: =(cleaned_dataframe!L9*cleaned_dataframe!$G9)/cleaned_dataframe!$F9 -> 14978.723 | E9: =(cleaned_dataframe!M9*cleaned_dataframe!$G9)/cleaned_dataframe!$F9 -> 12638.298 | F9: =(cleaned_dataframe!N9*cleaned_dataframe!$G9)/cleaned_dataframe!$F9 -> 20127.66 | G9: =(cleaned_dataframe!O9*cleaned_dataframe!$G9)/cleaned_dataframe!$F9 -> 1638.2979 | H9: =(cleaned_dataframe!P9*cleaned_dataframe!$G9)/cleaned_dataframe!$F9 -> 234.04255 | I9: =(cleaned_dataframe!Q9*cleaned_dataframe!$G9)/cleaned_dataframe!$F9 -> 702.12766 | ... BG9: =(cleaned_dataframe!BO9*cleaned_dataframe!$G9)/cleaned_dataframe!$F9 -> 468.08511
A10: 1794 | B10: =(cleaned_dataframe!J10*cleaned_dataframe!$G10)/cleaned_dataframe!$F10 -> 4000 | C10: =(cleaned_dataframe!K10*cleaned_dataframe!$G10)/cleaned_dataframe!$F10 -> 15166.667 | D10: =(cleaned_dataframe!L10*cleaned_dataframe!$G10)/cleaned_dataframe!$F10 -> 16166.667 | E10: =(cleaned_dataframe!M10*cleaned_dataframe!$G10)/cleaned_dataframe!$F10 -> 6833.3333 | F10: =(cleaned_dataframe!N10*cleaned_dataframe!$G10)/cleaned_dataframe!$F10 -> 8666.6667 | G10: =(cleaned_dataframe!O10*cleaned_dataframe!$G10)/cleaned_dataframe!$F10 -> 666.66667 | H10: =(cleaned_dataframe!P10*cleaned_dataframe!$G10)/cleaned_dataframe!$F10 -> 166.66667 | I10: =(cleaned_dataframe!Q10*cleaned_dataframe!$G10)/cleaned_dataframe!$F10 -> 333.33333 | ... BG10: =(cleaned_dataframe!BO10*cleaned_dataframe!$G10)/cleaned_dataframe!$F10 -> 333.33333
A11: 1918 | B11: =(cleaned_dataframe!J11*cleaned_dataframe!$G11)/cleaned_dataframe!$F11 -> 5133.3333 | C11: =(cleaned_dataframe!K11*cleaned_dataframe!$G11)/cleaned_dataframe!$F11 -> 18333.333 | D11: =(cleaned_dataframe!L11*cleaned_dataframe!$G11)/cleaned_dataframe!$F11 -> 16866.667 | E11: =(cleaned_dataframe!M11*cleaned_dataframe!$G11)/cleaned_dataframe!$F11 -> 6416.6667 | F11: =(cleaned_dataframe!N11*cleaned_dataframe!$G11)/cleaned_dataframe!$F11 -> 9166.6667 | G11: =(cleaned_dataframe!O11*cleaned_dataframe!$G11)/cleaned_dataframe!$F11 -> 1100 | H11: =(cleaned_dataframe!P11*cleaned_dataframe!$G11)/cleaned_dataframe!$F11 -> 0 | I11: =(cleaned_dataframe!Q11*cleaned_dataframe!$G11)/cleaned_dataframe!$F11 -> 0 | ... BG11: =(cleaned_dataframe!BO11*cleaned_dataframe!$G11)/cleaned_dataframe!$F11 -> 550
A12: 2018 | B12: =(cleaned_dataframe!J12*cleaned_dataframe!$G12)/cleaned_dataframe!$F12 -> 6657.8947 | C12: =(cleaned_dataframe!K12*cleaned_dataframe!$G12)/cleaned_dataframe!$F12 -> 24605.263 | D12: =(cleaned_dataframe!L12*cleaned_dataframe!$G12)/cleaned_dataframe!$F12 -> 35315.789 | E12: =(cleaned_dataframe!M12*cleaned_dataframe!$G12)/cleaned_dataframe!$F12 -> 10710.526 | F12: =(cleaned_dataframe!N12*cleaned_dataframe!$G12)/cleaned_dataframe!$F12 -> 10710.526 | G12: =(cleaned_dataframe!O12*cleaned_dataframe!$G12)/cleaned_dataframe!$F12 -> 3763.1579 | H12: =(cleaned_dataframe!P12*cleaned_dataframe!$G12)/cleaned_dataframe!$F12 -> 0 | I12: =(cleaned_dataframe!Q12*cleaned_dataframe!$G12)/cleaned_dataframe!$F12 -> 0 | ... BG12: =(cleaned_dataframe!BO12*cleaned_dataframe!$G12)/cleaned_dataframe!$F12 -> 0
A13: 2123 | B13: =(cleaned_dataframe!J13*cleaned_dataframe!$G13)/cleaned_dataframe!$F13 -> 4106.6667 | C13: =(cleaned_dataframe!K13*cleaned_dataframe!$G13)/cleaned_dataframe!$F13 -> 14226.667 | D13: =(cleaned_dataframe!L13*cleaned_dataframe!$G13)/cleaned_dataframe!$F13 -> 19360 | E13: =(cleaned_dataframe!M13*cleaned_dataframe!$G13)/cleaned_dataframe!$F13 -> 6013.3333 | F13: =(cleaned_dataframe!N13*cleaned_dataframe!$G13)/cleaned_dataframe!$F13 -> 4986.6667 | G13: =(cleaned_dataframe!O13*cleaned_dataframe!$G13)/cleaned_dataframe!$F13 -> 733.33333 | H13: =(cleaned_dataframe!P13*cleaned_dataframe!$G13)/cleaned_dataframe!$F13 -> 0 | I13: =(cleaned_dataframe!Q13*cleaned_dataframe!$G13)/cleaned_dataframe!$F13 -> 0 | ... BG13: =(cleaned_dataframe!BO13*cleaned_dataframe!$G13)/cleaned_dataframe!$F13 -> 440
... A50: 10216 | B50: =(cleaned_dataframe!J50*cleaned_dataframe!$G50)/cleaned_dataframe!$F50 -> 92.56662 | C50: =(cleaned_dataframe!K50*cleaned_dataframe!$G50)/cleaned_dataframe!$F50 -> 215.98878 | D50: =(cleaned_dataframe!L50*cleaned_dataframe!$G50)/cleaned_dataframe!$F50 -> 1882.1879 | E50: =(cleaned_dataframe!M50*cleaned_dataframe!$G50)/cleaned_dataframe!$F50 -> 61.71108 | F50: =(cleaned_dataframe!N50*cleaned_dataframe!$G50)/cleaned_dataframe!$F50 -> 2591.8654 | G50: =(cleaned_dataframe!O50*cleaned_dataframe!$G50)/cleaned_dataframe!$F50 -> 0 | H50: =(cleaned_dataframe!P50*cleaned_dataframe!$G50)/cleaned_dataframe!$F50 -> 0 | I50: =(cleaned_dataframe!Q50*cleaned_dataframe!$G50)/cleaned_dataframe!$F50 -> 92.56662 | ... BG50: =(cleaned_dataframe!BO50*cleaned_dataframe!$G50)/cleaned_dataframe!$F50 -> 154.2777

Sheet Percentage
A1: Depth | B1: age_best | C1: Pinus indiff. total | D1: Picea spp. total | E1: Betula spp. | F1: Pinus strobus | G1: Pinus cf. banksiana | H1: Abies balsamea | I1: Acer rubrum | J1: Acer saccharum | K1: Quercus spp. | L1: Populus cf. tremuloides | M1: Alnus rugosa | N1: Alnus crispa | O1: Tsuga | P1: Larix laricina | Q1: Fagus grandifolia | R1: Juniperus/Thuja | S1: Ulmus | T1: Fraxinus type pennsylanica | U1: Fraxinus nigra | V1: Platanus occidentalis | W1: Corylus | X1: Juglans | Y1: Carya ovata | Z1: Tilia americana | AA1: Ostrya | AB1: Myrica gale | AC1: Ericaceae | AD1: Salix type | AE1: Poaceae | AF1: Artemesia | AG1: Aster | AH1: Thalictrum | AI1: Chenopodiaceae | AJ1: Ambrosia | AK1: Rosaceae | AL1: Epilobium | AM1: Ilex | AN1: Rumex | AO1: Agoseris | AP1: Morus rubra | AQ1: Caryophyllaceae | AR1: Menyanthaceae | AS1: Sarcobatus vermiculatus | AT1: Castanea dentata | AU1: Viburnum | AV1: Polygonum | AW1: Saxifraga | AX1: Total terrestre | AY1: Inconnu | AZ1: Concentration | BA1: Total influx
A2: 0 | B2: -72 | C2: =(cleaned_dataframe!J2/cleaned_dataframe!$BE2)*100 -> 7.0080863 | D2: =(cleaned_dataframe!K2/cleaned_dataframe!$BE2)*100 -> 35.849057 | E2: =(cleaned_dataframe!L2/cleaned_dataframe!$BE2)*100 -> 20.485175 | F2: =(cleaned_dataframe!M2/cleaned_dataframe!$BE2)*100 -> 8.8948787 | G2: =(cleaned_dataframe!N2/cleaned_dataframe!$BE2)*100 -> 18.328841 | H2: =(cleaned_dataframe!O2/cleaned_dataframe!$BE2)*100 -> 2.9649596 | I2: =(cleaned_dataframe!P2/cleaned_dataframe!$BE2)*100 -> 0 | J2: =(cleaned_dataframe!Q2/cleaned_dataframe!$BE2)*100 -> 0.26954178 | ... AW2: =(cleaned_dataframe!BD2/cleaned_dataframe!$BE2)*100 -> 0 | AX2: 371 | AY2: 0 | AZ2: 58300 | BA2: 5.5090909
A3: 3 | B3: -17 | C3: =(cleaned_dataframe!J3/cleaned_dataframe!$BE3)*100 -> 2.5641026 | D3: =(cleaned_dataframe!K3/cleaned_dataframe!$BE3)*100 -> 41.025641 | E3: =(cleaned_dataframe!L3/cleaned_dataframe!$BE3)*100 -> 21.937322 | F3: =(cleaned_dataframe!M3/cleaned_dataframe!$BE3)*100 -> 8.2621083 | G3: =(cleaned_dataframe!N3/cleaned_dataframe!$BE3)*100 -> 13.675214 | H3: =(cleaned_dataframe!O3/cleaned_dataframe!$BE3)*100 -> 6.8376068 | I3: =(cleaned_dataframe!P3/cleaned_dataframe!$BE3)*100 -> 0 | J3: =(cleaned_dataframe!Q3/cleaned_dataframe!$BE3)*100 -> 0.28490028 | ... AW3: =(cleaned_dataframe!BD3/cleaned_dataframe!$BE3)*100 -> 0 | AX3: 351 | AY3: 0 | AZ3: 42428.571 | BA3: 4.1435897
A4: 11 | B4: 178 | C4: =(cleaned_dataframe!J4/cleaned_dataframe!$BE4)*100 -> 1.7857143 | D4: =(cleaned_dataframe!K4/cleaned_dataframe!$BE4)*100 -> 25.892857 | E4: =(cleaned_dataframe!L4/cleaned_dataframe!$BE4)*100 -> 44.345238 | F4: =(cleaned_dataframe!M4/cleaned_dataframe!$BE4)*100 -> 4.7619048 | G4: =(cleaned_dataframe!N4/cleaned_dataframe!$BE4)*100 -> 10.119048 | H4: =(cleaned_dataframe!O4/cleaned_dataframe!$BE4)*100 -> 2.6785714 | I4: =(cleaned_dataframe!P4/cleaned_dataframe!$BE4)*100 -> 0 | J4: =(cleaned_dataframe!Q4/cleaned_dataframe!$BE4)*100 -> 0 | ... AW4: =(cleaned_dataframe!BD4/cleaned_dataframe!$BE4)*100 -> 0 | AX4: 336 | AY4: 0 | AZ4: 28000 | BA4: 4.2083333
A5: 19 | B5: 370 | C5: =(cleaned_dataframe!J5/cleaned_dataframe!$BE5)*100 -> 3.2258065 | D5: =(cleaned_dataframe!K5/cleaned_dataframe!$BE5)*100 -> 31.085044 | E5: =(cleaned_dataframe!L5/cleaned_dataframe!$BE5)*100 -> 29.618768 | F5: =(cleaned_dataframe!M5/cleaned_dataframe!$BE5)*100 -> 10.557185 | G5: =(cleaned_dataframe!N5/cleaned_dataframe!$BE5)*100 -> 15.249267 | H5: =(cleaned_dataframe!O5/cleaned_dataframe!$BE5)*100 -> 2.3460411 | I5: =(cleaned_dataframe!P5/cleaned_dataframe!$BE5)*100 -> 0 | J5: =(cleaned_dataframe!Q5/cleaned_dataframe!$BE5)*100 -> 0 | ... AW5: =(cleaned_dataframe!BD5/cleaned_dataframe!$BE5)*100 -> 0 | AX5: 341 | AY5: 2 | AZ5: 54362.319 | BA5: 3.15625
A6: 27 | B6: 626 | C6: =(cleaned_dataframe!J6/cleaned_dataframe!$BE6)*100 -> 6.3888889 | D6: =(cleaned_dataframe!K6/cleaned_dataframe!$BE6)*100 -> 40.833333 | E6: =(cleaned_dataframe!L6/cleaned_dataframe!$BE6)*100 -> 23.611111 | F6: =(cleaned_dataframe!M6/cleaned_dataframe!$BE6)*100 -> 5.5555556 | G6: =(cleaned_dataframe!N6/cleaned_dataframe!$BE6)*100 -> 13.333333 | H6: =(cleaned_dataframe!O6/cleaned_dataframe!$BE6)*100 -> 0.83333333 | I6: =(cleaned_dataframe!P6/cleaned_dataframe!$BE6)*100 -> 0 | J6: =(cleaned_dataframe!Q6/cleaned_dataframe!$BE6)*100 -> 0 | ... AW6: =(cleaned_dataframe!BD6/cleaned_dataframe!$BE6)*100 -> 0 | AX6: 360 | AY6: 5 | AZ6: 198000 | BA6: 1.946988
A7: 35 | B7: 1041 | C7: =(cleaned_dataframe!J7/cleaned_dataframe!$BE7)*100 -> 8.9238845 | D7: =(cleaned_dataframe!K7/cleaned_dataframe!$BE7)*100 -> 32.020997 | E7: =(cleaned_dataframe!L7/cleaned_dataframe!$BE7)*100 -> 22.572178 | F7: =(cleaned_dataframe!M7/cleaned_dataframe!$BE7)*100 -> 9.4488189 | G7: =(cleaned_dataframe!N7/cleaned_dataframe!$BE7)*100 -> 13.910761 | H7: =(cleaned_dataframe!O7/cleaned_dataframe!$BE7)*100 -> 3.1496063 | I7: =(cleaned_dataframe!P7/cleaned_dataframe!$BE7)*100 -> 0 | J7: =(cleaned_dataframe!Q7/cleaned_dataframe!$BE7)*100 -> 0.26246719 | ... AW7: =(cleaned_dataframe!BD7/cleaned_dataframe!$BE7)*100 -> 0 | AX7: 381 | AY7: 2 | AZ7: 56635.135 | BA7: 2.6405229
A8: 43 | B8: 1347 | C8: =(cleaned_dataframe!J8/cleaned_dataframe!$BE8)*100 -> 5.5865922 | D8: =(cleaned_dataframe!K8/cleaned_dataframe!$BE8)*100 -> 37.430168 | E8: =(cleaned_dataframe!L8/cleaned_dataframe!$BE8)*100 -> 14.24581 | F8: =(cleaned_dataframe!M8/cleaned_dataframe!$BE8)*100 -> 10.335196 | G8: =(cleaned_dataframe!N8/cleaned_dataframe!$BE8)*100 -> 23.463687 | H8: =(cleaned_dataframe!O8/cleaned_dataframe!$BE8)*100 -> 3.0726257 | I8: =(cleaned_dataframe!P8/cleaned_dataframe!$BE8)*100 -> 0 | J8: =(cleaned_dataframe!Q8/cleaned_dataframe!$BE8)*100 -> 0 | ... AW8: =(cleaned_dataframe!BD8/cleaned_dataframe!$BE8)*100 -> 0 | AX8: 358 | AY8: 1 | AZ8: 91581.395 | BA8: 3.3526971
A9: 51 | B9: 1588 | C9: =(cleaned_dataframe!J9/cleaned_dataframe!$BE9)*100 -> 6.9060773 | D9: =(cleaned_dataframe!K9/cleaned_dataframe!$BE9)*100 -> 27.900552 | E9: =(cleaned_dataframe!L9/cleaned_dataframe!$BE9)*100 -> 17.679558 | F9: =(cleaned_dataframe!M9/cleaned_dataframe!$BE9)*100 -> 14.917127 | G9: =(cleaned_dataframe!N9/cleaned_dataframe!$BE9)*100 -> 23.756906 | H9: =(cleaned_dataframe!O9/cleaned_dataframe!$BE9)*100 -> 1.9337017 | I9: =(cleaned_dataframe!P9/cleaned_dataframe!$BE9)*100 -> 0.27624309 | J9: =(cleaned_dataframe!Q9/cleaned_dataframe!$BE9)*100 -> 0.82872928 | ... AW9: =(cleaned_dataframe!BD9/cleaned_dataframe!$BE9)*100 -> 0 | AX9: 362 | AY9: 0 | AZ9: 84723.404 | BA9: 3.9223301
A10: 59 | B10: 1794 | C10: =(cleaned_dataframe!J10/cleaned_dataframe!$BE10)*100 -> 6.9565217 | D10: =(cleaned_dataframe!K10/cleaned_dataframe!$BE10)*100 -> 26.376812 | E10: =(cleaned_dataframe!L10/cleaned_dataframe!$BE10)*100 -> 28.115942 | F10: =(cleaned_dataframe!M10/cleaned_dataframe!$BE10)*100 -> 11.884058 | G10: =(cleaned_dataframe!N10/cleaned_dataframe!$BE10)*100 -> 15.072464 | H10: =(cleaned_dataframe!O10/cleaned_dataframe!$BE10)*100 -> 1.1594203 | I10: =(cleaned_dataframe!P10/cleaned_dataframe!$BE10)*100 -> 0.28985507 | J10: =(cleaned_dataframe!Q10/cleaned_dataframe!$BE10)*100 -> 0.57971014 | ... AW10: =(cleaned_dataframe!BD10/cleaned_dataframe!$BE10)*100 -> 0 | AX10: 345 | AY10: 0 | AZ10: 57500 | BA10: 6.516129
A11: 67 | B11: 1918 | C11: =(cleaned_dataframe!J11/cleaned_dataframe!$BE11)*100 -> 8.2840237 | D11: =(cleaned_dataframe!K11/cleaned_dataframe!$BE11)*100 -> 29.585799 | E11: =(cleaned_dataframe!L11/cleaned_dataframe!$BE11)*100 -> 27.218935 | F11: =(cleaned_dataframe!M11/cleaned_dataframe!$BE11)*100 -> 10.35503 | G11: =(cleaned_dataframe!N11/cleaned_dataframe!$BE11)*100 -> 14.792899 | H11: =(cleaned_dataframe!O11/cleaned_dataframe!$BE11)*100 -> 1.7751479 | I11: =(cleaned_dataframe!P11/cleaned_dataframe!$BE11)*100 -> 0 | J11: =(cleaned_dataframe!Q11/cleaned_dataframe!$BE11)*100 -> 0 | ... AW11: =(cleaned_dataframe!BD11/cleaned_dataframe!$BE11)*100 -> 0 | AX11: 338 | AY11: 3 | AZ11: 61966.667 | BA11: 8.08
A12: 75 | B12: 2018 | C12: =(cleaned_dataframe!J12/cleaned_dataframe!$BE12)*100 -> 6.7251462 | D12: =(cleaned_dataframe!K12/cleaned_dataframe!$BE12)*100 -> 24.853801 | E12: =(cleaned_dataframe!L12/cleaned_dataframe!$BE12)*100 -> 35.672515 | F12: =(cleaned_dataframe!M12/cleaned_dataframe!$BE12)*100 -> 10.818713 | G12: =(cleaned_dataframe!N12/cleaned_dataframe!$BE12)*100 -> 10.818713 | H12: =(cleaned_dataframe!O12/cleaned_dataframe!$BE12)*100 -> 3.8011696 | I12: =(cleaned_dataframe!P12/cleaned_dataframe!$BE12)*100 -> 0 | J12: =(cleaned_dataframe!Q12/cleaned_dataframe!$BE12)*100 -> 0 | ... AW12: =(cleaned_dataframe!BD12/cleaned_dataframe!$BE12)*100 -> 0 | AX12: 342 | AY12: 0 | AZ12: 99000 | BA12: 7.6952381
A13: 83 | B13: 2123 | C13: =(cleaned_dataframe!J13/cleaned_dataframe!$BE13)*100 -> 7.8873239 | D13: =(cleaned_dataframe!K13/cleaned_dataframe!$BE13)*100 -> 27.323944 | E13: =(cleaned_dataframe!L13/cleaned_dataframe!$BE13)*100 -> 37.183099 | F13: =(cleaned_dataframe!M13/cleaned_dataframe!$BE13)*100 -> 11.549296 | G13: =(cleaned_dataframe!N13/cleaned_dataframe!$BE13)*100 -> 9.5774648 | H13: =(cleaned_dataframe!O13/cleaned_dataframe!$BE13)*100 -> 1.4084507 | I13: =(cleaned_dataframe!P13/cleaned_dataframe!$BE13)*100 -> 0 | J13: =(cleaned_dataframe!Q13/cleaned_dataframe!$BE13)*100 -> 0 | ... AW13: =(cleaned_dataframe!BD13/cleaned_dataframe!$BE13)*100 -> 0 | AX13: 355 | AY13: 1 | AZ13: 52066.667 | BA13: 7.5514019
... A50: 379 | B50: 10216 | C50: =(cleaned_dataframe!J50/cleaned_dataframe!$BE50)*100 -> 1.0989011 | D50: =(cleaned_dataframe!K50/cleaned_dataframe!$BE50)*100 -> 2.5641026 | E50: =(cleaned_dataframe!L50/cleaned_dataframe!$BE50)*100 -> 22.344322 | F50: =(cleaned_dataframe!M50/cleaned_dataframe!$BE50)*100 -> 0.73260073 | G50: =(cleaned_dataframe!N50/cleaned_dataframe!$BE50)*100 -> 30.769231 | H50: =(cleaned_dataframe!O50/cleaned_dataframe!$BE50)*100 -> 0 | I50: =(cleaned_dataframe!P50/cleaned_dataframe!$BE50)*100 -> 0 | J50: =(cleaned_dataframe!Q50/cleaned_dataframe!$BE50)*100 -> 1.0989011 | ... AW50: =(cleaned_dataframe!BD50/cleaned_dataframe!$BE50)*100 -> 0 | AX50: 273 | AY50: 0 | AZ50: 8423.5624 | BA50: 8.9867854

Sheet Influx
A1: Depth | B1: age_best | C1: tx_sed | D1: Pinus indiff. total | E1: Picea spp. total | F1: Betula spp. | G1: Pinus strobus | H1: Pinus cf. banksiana | I1: Abies balsamea | J1: Acer rubrum | K1: Acer saccharum | L1: Quercus spp. | M1: Populus cf. tremuloides | N1: Alnus rugosa | O1: Alnus crispa | P1: Tsuga | Q1: Larix laricina | R1: Fagus grandifolia | S1: Juniperus/Thuja | T1: Ulmus | U1: Fraxinus type pennsylanica | V1: Fraxinus nigra | W1: Platanus occidentalis | X1: Corylus | Y1: Juglans | Z1: Carya ovata | AA1: Tilia americana | AB1: Ostrya | AC1: Myrica gale | AD1: Ericaceae | AE1: Salix type | AF1: Poaceae | AG1: Artemesia | AH1: Aster | AI1: Thalictrum | AJ1: Chenopodiaceae | AK1: Ambrosia | AL1: Rosaceae | AM1: Epilobium | AN1: Ilex | AO1: Rumex | AP1: Agoseris | AQ1: Morus rubra | AR1: Caryophyllaceae | AS1: Menyanthaceae | AT1: Sarcobatus vermiculatus | AU1: Castanea dentata | AV1: Viburnum | AW1: Polygonum | AX1: Saxifraga | AY1: Total terrestre | AZ1: Inconnu | BA1: Concentration | BB1: Total influx
A2: 0 | B2: -72 | C2: =((cleaned_dataframe!B3)-(cleaned_dataframe!B2))/(cleaned_dataframe!A3-cleaned_dataframe!A2) -> 0.054545455 | D2: =(cleaned_dataframe!J2/cleaned_dataframe!$BE2)*100*$C2 -> 0.38225925 | E2: =(cleaned_dataframe!K2/cleaned_dataframe!$BE2)*100*$C2 -> 1.9554031 | F2: =(cleaned_dataframe!L2/cleaned_dataframe!$BE2)*100*$C2 -> 1.1173732 | G2: =(cleaned_dataframe!M2/cleaned_dataframe!$BE2)*100*$C2 -> 0.4851752 | H2: =(cleaned_dataframe!N2/cleaned_dataframe!$BE2)*100*$C2 -> 0.99975496 | I2: =(cleaned_dataframe!O2/cleaned_dataframe!$BE2)*100*$C2 -> 0.16172507 | J2: =(cleaned_dataframe!P2/cleaned_dataframe!$BE2)*100*$C2 -> 0 | K2: =(cleaned_dataframe!Q2/cleaned_dataframe!$BE2)*100*$C2 -> 0.014702279 | ... AX2: =(cleaned_dataframe!BD2/cleaned_dataframe!$BE2)*100*$C2 -> 0 | AY2: 371 | AZ2: 0 | BA2: 58300 | BB2: 5.5090909
A3: 3 | B3: -17 | C3: =((cleaned_dataframe!B4)-(cleaned_dataframe!B3))/(cleaned_dataframe!A4-cleaned_dataframe!A3) -> 0.041025641 | D3: =(cleaned_dataframe!J3/cleaned_dataframe!$BE3)*100*$C3 -> 0.10519395 | E3: =(cleaned_dataframe!K3/cleaned_dataframe!$BE3)*100*$C3 -> 1.6831032 | F3: =(cleaned_dataframe!L3/cleaned_dataframe!$BE3)*100*$C3 -> 0.89999269 | G3: =(cleaned_dataframe!M3/cleaned_dataframe!$BE3)*100*$C3 -> 0.33895829 | H3: =(cleaned_dataframe!N3/cleaned_dataframe!$BE3)*100*$C3 -> 0.56103441 | I3: =(cleaned_dataframe!O3/cleaned_dataframe!$BE3)*100*$C3 -> 0.2805172 | J3: =(cleaned_dataframe!P3/cleaned_dataframe!$BE3)*100*$C3 -> 0 | K3: =(cleaned_dataframe!Q3/cleaned_dataframe!$BE3)*100*$C3 -> 0.011688217 | ... AX3: =(cleaned_dataframe!BD3/cleaned_dataframe!$BE3)*100*$C3 -> 0 | AY3: 351 | AZ3: 0 | BA3: 42428.571 | BB3: 4.1435897
A4: 11 | B4: 178 | C4: =((cleaned_dataframe!B5)-(cleaned_dataframe!B4))/(cleaned_dataframe!A5-cleaned_dataframe!A4) -> 0.041666667 | D4: =(cleaned_dataframe!J4/cleaned_dataframe!$BE4)*100*$C4 -> 0.074404762 | E4: =(cleaned_dataframe!K4/cleaned_dataframe!$BE4)*100*$C4 -> 1.078869 | F4: =(cleaned_dataframe!L4/cleaned_dataframe!$BE4)*100*$C4 -> 1.8477183 | G4: =(cleaned_dataframe!M4/cleaned_dataframe!$BE4)*100*$C4 -> 0.1984127 | H4: =(cleaned_dataframe!N4/cleaned_dataframe!$BE4)*100*$C4 -> 0.42162698 | I4: =(cleaned_dataframe!O4/cleaned_dataframe!$BE4)*100*$C4 -> 0.11160714 | J4: =(cleaned_dataframe!P4/cleaned_dataframe!$BE4)*100*$C4 -> 0 | K4: =(cleaned_dataframe!Q4/cleaned_dataframe!$BE4)*100*$C4 -> 0 | ... AX4: =(cleaned_dataframe!BD4/cleaned_dataframe!$BE4)*100*$C4 -> 0 | AY4: 336 | AZ4: 0 | BA4: 28000 | BB4: 4.2083333
A5: 19 | B5: 370 | C5: =((cleaned_dataframe!B6)-(cleaned_dataframe!B5))/(cleaned_dataframe!A6-cleaned_dataframe!A5) -> 0.03125 | D5: =(cleaned_dataframe!J5/cleaned_dataframe!$BE5)*100*$C5 -> 0.10080645 | E5: =(cleaned_dataframe!K5/cleaned_dataframe!$BE5)*100*$C5 -> 0.97140762 | F5: =(cleaned_dataframe!L5/cleaned_dataframe!$BE5)*100*$C5 -> 0.92558651 | G5: =(cleaned_dataframe!M5/cleaned_dataframe!$BE5)*100*$C5 -> 0.32991202 | H5: =(cleaned_dataframe!N5/cleaned_dataframe!$BE5)*100*$C5 -> 0.47653959 | I5: =(cleaned_dataframe!O5/cleaned_dataframe!$BE5)*100*$C5 -> 0.073313783 | J5: =(cleaned_dataframe!P5/cleaned_dataframe!$BE5)*100*$C5 -> 0 | K5: =(cleaned_dataframe!Q5/cleaned_dataframe!$BE5)*100*$C5 -> 0 | ... AX5: =(cleaned_dataframe!BD5/cleaned_dataframe!$BE5)*100*$C5 -> 0 | AY5: 341 | AZ5: 2 | BA5: 54362.319 | BB5: 3.15625
A6: 27 | B6: 626 | C6: =((cleaned_dataframe!B7)-(cleaned_dataframe!B6))/(cleaned_dataframe!A7-cleaned_dataframe!A6) -> 0.019277108 | D6: =(cleaned_dataframe!J6/cleaned_dataframe!$BE6)*100*$C6 -> 0.1231593 | E6: =(cleaned_dataframe!K6/cleaned_dataframe!$BE6)*100*$C6 -> 0.78714859 | F6: =(cleaned_dataframe!L6/cleaned_dataframe!$BE6)*100*$C6 -> 0.45515395 | G6: =(cleaned_dataframe!M6/cleaned_dataframe!$BE6)*100*$C6 -> 0.10709505 | H6: =(cleaned_dataframe!N6/cleaned_dataframe!$BE6)*100*$C6 -> 0.25702811 | I6: =(cleaned_dataframe!O6/cleaned_dataframe!$BE6)*100*$C6 -> 0.016064257 | J6: =(cleaned_dataframe!P6/cleaned_dataframe!$BE6)*100*$C6 -> 0 | K6: =(cleaned_dataframe!Q6/cleaned_dataframe!$BE6)*100*$C6 -> 0 | ... AX6: =(cleaned_dataframe!BD6/cleaned_dataframe!$BE6)*100*$C6 -> 0 | AY6: 360 | AZ6: 5 | BA6: 198000 | BB6: 1.946988
A7: 35 | B7: 1041 | C7: =((cleaned_dataframe!B8)-(cleaned_dataframe!B7))/(cleaned_dataframe!A8-cleaned_dataframe!A7) -> 0.026143791 | D7: =(cleaned_dataframe!J7/cleaned_dataframe!$BE7)*100*$C7 -> 0.23330417 | E7: =(cleaned_dataframe!K7/cleaned_dataframe!$BE7)*100*$C7 -> 0.83715026 | F7: =(cleaned_dataframe!L7/cleaned_dataframe!$BE7)*100*$C7 -> 0.59012231 | G7: =(cleaned_dataframe!M7/cleaned_dataframe!$BE7)*100*$C7 -> 0.24702795 | H7: =(cleaned_dataframe!N7/cleaned_dataframe!$BE7)*100*$C7 -> 0.36368003 | I7: =(cleaned_dataframe!O7/cleaned_dataframe!$BE7)*100*$C7 -> 0.082342648 | J7: =(cleaned_dataframe!P7/cleaned_dataframe!$BE7)*100*$C7 -> 0 | K7: =(cleaned_dataframe!Q7/cleaned_dataframe!$BE7)*100*$C7 -> 0.0068618874 | ... AX7: =(cleaned_dataframe!BD7/cleaned_dataframe!$BE7)*100*$C7 -> 0 | AY7: 381 | AZ7: 2 | BA7: 56635.135 | BB7: 2.6405229
A8: 43 | B8: 1347 | C8: =((cleaned_dataframe!B9)-(cleaned_dataframe!B8))/(cleaned_dataframe!A9-cleaned_dataframe!A8) -> 0.033195021 | D8: =(cleaned_dataframe!J8/cleaned_dataframe!$BE8)*100*$C8 -> 0.18544704 | E8: =(cleaned_dataframe!K8/cleaned_dataframe!$BE8)*100*$C8 -> 1.2424952 | F8: =(cleaned_dataframe!L8/cleaned_dataframe!$BE8)*100*$C8 -> 0.47288996 | G8: =(cleaned_dataframe!M8/cleaned_dataframe!$BE8)*100*$C8 -> 0.34307703 | H8: =(cleaned_dataframe!N8/cleaned_dataframe!$BE8)*100*$C8 -> 0.77887758 | I8: =(cleaned_dataframe!O8/cleaned_dataframe!$BE8)*100*$C8 -> 0.10199587 | J8: =(cleaned_dataframe!P8/cleaned_dataframe!$BE8)*100*$C8 -> 0 | K8: =(cleaned_dataframe!Q8/cleaned_dataframe!$BE8)*100*$C8 -> 0 | ... AX8: =(cleaned_dataframe!BD8/cleaned_dataframe!$BE8)*100*$C8 -> 0 | AY8: 358 | AZ8: 1 | BA8: 91581.395 | BB8: 3.3526971
A9: 51 | B9: 1588 | C9: =((cleaned_dataframe!B10)-(cleaned_dataframe!B9))/(cleaned_dataframe!A10-cleaned_dataframe!A9) -> 0.038834951 | D9: =(cleaned_dataframe!J9/cleaned_dataframe!$BE9)*100*$C9 -> 0.26819718 | E9: =(cleaned_dataframe!K9/cleaned_dataframe!$BE9)*100*$C9 -> 1.0835166 | F9: =(cleaned_dataframe!L9/cleaned_dataframe!$BE9)*100*$C9 -> 0.68658478 | G9: =(cleaned_dataframe!M9/cleaned_dataframe!$BE9)*100*$C9 -> 0.57930591 | H9: =(cleaned_dataframe!N9/cleaned_dataframe!$BE9)*100*$C9 -> 0.92259829 | I9: =(cleaned_dataframe!O9/cleaned_dataframe!$BE9)*100*$C9 -> 0.07509521 | J9: =(cleaned_dataframe!P9/cleaned_dataframe!$BE9)*100*$C9 -> 0.010727887 | K9: =(cleaned_dataframe!Q9/cleaned_dataframe!$BE9)*100*$C9 -> 0.032183661 | ... AX9: =(cleaned_dataframe!BD9/cleaned_dataframe!$BE9)*100*$C9 -> 0 | AY9: 362 | AZ9: 0 | BA9: 84723.404 | BB9: 3.9223301
A10: 59 | B10: 1794 | C10: =((cleaned_dataframe!B11)-(cleaned_dataframe!B10))/(cleaned_dataframe!A11-cleaned_dataframe!A10) -> 0.064516129 | D10: =(cleaned_dataframe!J10/cleaned_dataframe!$BE10)*100*$C10 -> 0.44880785 | E10: =(cleaned_dataframe!K10/cleaned_dataframe!$BE10)*100*$C10 -> 1.7017298 | F10: =(cleaned_dataframe!L10/cleaned_dataframe!$BE10)*100*$C10 -> 1.8139317 | G10: =(cleaned_dataframe!M10/cleaned_dataframe!$BE10)*100*$C10 -> 0.76671342 | H10: =(cleaned_dataframe!N10/cleaned_dataframe!$BE10)*100*$C10 -> 0.97241702 | I10: =(cleaned_dataframe!O10/cleaned_dataframe!$BE10)*100*$C10 -> 0.074801309 | J10: =(cleaned_dataframe!P10/cleaned_dataframe!$BE10)*100*$C10 -> 0.018700327 | K10: =(cleaned_dataframe!Q10/cleaned_dataframe!$BE10)*100*$C10 -> 0.037400655 | ... AX10: =(cleaned_dataframe!BD10/cleaned_dataframe!$BE10)*100*$C10 -> 0 | AY10: 345 | AZ10: 0 | BA10: 57500 | BB10: 6.516129
A11: 67 | B11: 1918 | C11: =((cleaned_dataframe!B12)-(cleaned_dataframe!B11))/(cleaned_dataframe!A12-cleaned_dataframe!A11) -> 0.08 | D11: =(cleaned_dataframe!J11/cleaned_dataframe!$BE11)*100*$C11 -> 0.66272189 | E11: =(cleaned_dataframe!K11/cleaned_dataframe!$BE11)*100*$C11 -> 2.3668639 | F11: =(cleaned_dataframe!L11/cleaned_dataframe!$BE11)*100*$C11 -> 2.1775148 | G11: =(cleaned_dataframe!M11/cleaned_dataframe!$BE11)*100*$C11 -> 0.82840237 | H11: =(cleaned_dataframe!N11/cleaned_dataframe!$BE11)*100*$C11 -> 1.183432 | I11: =(cleaned_dataframe!O11/cleaned_dataframe!$BE11)*100*$C11 -> 0.14201183 | J11: =(cleaned_dataframe!P11/cleaned_dataframe!$BE11)*100*$C11 -> 0 | K11: =(cleaned_dataframe!Q11/cleaned_dataframe!$BE11)*100*$C11 -> 0 | ... AX11: =(cleaned_dataframe!BD11/cleaned_dataframe!$BE11)*100*$C11 -> 0 | AY11: 338 | AZ11: 3 | BA11: 61966.667 | BB11: 8.08
A12: 75 | B12: 2018 | C12: =((cleaned_dataframe!B13)-(cleaned_dataframe!B12))/(cleaned_dataframe!A13-cleaned_dataframe!A12) -> 0.076190476 | D12: =(cleaned_dataframe!J12/cleaned_dataframe!$BE12)*100*$C12 -> 0.51239209 | E12: =(cleaned_dataframe!K12/cleaned_dataframe!$BE12)*100*$C12 -> 1.8936229 | F12: =(cleaned_dataframe!L12/cleaned_dataframe!$BE12)*100*$C12 -> 2.7179059 | G12: =(cleaned_dataframe!M12/cleaned_dataframe!$BE12)*100*$C12 -> 0.82428293 | H12: =(cleaned_dataframe!N12/cleaned_dataframe!$BE12)*100*$C12 -> 0.82428293 | I12: =(cleaned_dataframe!O12/cleaned_dataframe!$BE12)*100*$C12 -> 0.28961292 | J12: =(cleaned_dataframe!P12/cleaned_dataframe!$BE12)*100*$C12 -> 0 | K12: =(cleaned_dataframe!Q12/cleaned_dataframe!$BE12)*100*$C12 -> 0 | ... AX12: =(cleaned_dataframe!BD12/cleaned_dataframe!$BE12)*100*$C12 -> 0 | AY12: 342 | AZ12: 0 | BA12: 99000 | BB12: 7.6952381
A13: 83 | B13: 2123 | C13: =((cleaned_dataframe!B14)-(cleaned_dataframe!B13))/(cleaned_dataframe!A14-cleaned_dataframe!A13) -> 0.074766355 | D13: =(cleaned_dataframe!J13/cleaned_dataframe!$BE13)*100*$C13 -> 0.58970646 | E13: =(cleaned_dataframe!K13/cleaned_dataframe!$BE13)*100*$C13 -> 2.0429117 | F13: =(cleaned_dataframe!L13/cleaned_dataframe!$BE13)*100*$C13 -> 2.7800448 | G13: =(cleaned_dataframe!M13/cleaned_dataframe!$BE13)*100*$C13 -> 0.86349875 | H13: =(cleaned_dataframe!N13/cleaned_dataframe!$BE13)*100*$C13 -> 0.71607213 | I13: =(cleaned_dataframe!O13/cleaned_dataframe!$BE13)*100*$C13 -> 0.10530473 | J13: =(cleaned_dataframe!P13/cleaned_dataframe!$BE13)*100*$C13 -> 0 | K13: =(cleaned_dataframe!Q13/cleaned_dataframe!$BE13)*100*$C13 -> 0 | ... AX13: =(cleaned_dataframe!BD13/cleaned_dataframe!$BE13)*100*$C13 -> 0 | AY13: 355 | AZ13: 1 | BA13: 52066.667 | BB13: 7.5514019
... A50: 379 | B50: 10216 | C50: =((cleaned_dataframe!B51)-(cleaned_dataframe!B50))/(cleaned_dataframe!A51-cleaned_dataframe!A50) -> 0.088978074 | D50: =(cleaned_dataframe!J50/cleaned_dataframe!$BE50)*100*$C50 -> 0.097778103 | E50: =(cleaned_dataframe!K50/cleaned_dataframe!$BE50)*100*$C50 -> 0.22814891 | F50: =(cleaned_dataframe!L50/cleaned_dataframe!$BE50)*100*$C50 -> 1.9881548 | G50: =(cleaned_dataframe!M50/cleaned_dataframe!$BE50)*100*$C50 -> 0.065185402 | H50: =(cleaned_dataframe!N50/cleaned_dataframe!$BE50)*100*$C50 -> 2.7377869 | I50: =(cleaned_dataframe!O50/cleaned_dataframe!$BE50)*100*$C50 -> 0 | J50: =(cleaned_dataframe!P50/cleaned_dataframe!$BE50)*100*$C50 -> 0 | K50: =(cleaned_dataframe!Q50/cleaned_dataframe!$BE50)*100*$C50 -> 0.097778103 | ... AX50: =(cleaned_dataframe!BD50/cleaned_dataframe!$BE50)*100*$C50 -> 0 | AY50: 273 | AZ50: 0 | BA50: 8423.5624 | BB50: 8.9867854
